Location,Area_sqm,Bedrooms,Bathrooms,Land_Shape,Orientation,Price_THB
Bangkok_Suburb,362,6,5,Square,North,19073089
Chiang_Mai,377,6,5,Rectangle,North,12047891
Nonthaburi,56,1,1,Irregular,West,1611194
Bangkok_Suburb,255,6,5,Rectangle,North,11500830
Bangkok_CBD,163,4,4,Irregular,North,13614114
Bangkok_CBD,321,6,5,Rectangle,South,30578441
Bangkok_CBD,132,3,3,Rectangle,East,11919737
Chiang_Mai,228,5,4,Irregular,South,5720476
Nonthaburi,259,6,5,Square,North,10146811
Nonthaburi,377,6,5,Rectangle,East,15024325
Bangkok_CBD,173,4,3,Square,North,17367468
Chiang_Mai,162,4,3,Flag,North,3487682
Nonthaburi,61,1,1,Irregular,West,1703505
Bangkok_Suburb,175,4,3,Square,North,7744071
Bangkok_CBD,102,2,2,Rectangle,East,9557342
Bangkok_CBD,380,6,5,Irregular,East,28120307
Bangkok_Suburb,332,6,5,Square,East,14437798
Bangkok_Suburb,189,4,3,Rectangle,West,8616612
Bangkok_Suburb,146,3,2,Irregular,North,6226627
Bangkok_Suburb,54,1,1,Square,South,2421475
Nonthaburi,106,2,1,Rectangle,West,4060291
Bangkok_CBD,383,6,5,Square,East,33842325
Bangkok_Suburb,118,2,1,Irregular,West,4333974
Bangkok_Suburb,167,4,4,Flag,North,6028953
Bangkok_Suburb,108,2,1,Irregular,East,4128606
Nonthaburi,82,2,2,Rectangle,North,3098960
Bangkok_CBD,367,6,5,Irregular,South,28070486
Bangkok_Suburb,99,2,2,Irregular,West,3494625
Bangkok_Suburb,68,1,1,Square,North,3450744
Bangkok_CBD,263,6,5,Irregular,South,18816785
Nonthaburi,246,6,5,Square,North,9343181
Bangkok_CBD,96,2,1,Rectangle,East,8421562
Bangkok_CBD,216,5,5,Square,East,20198399
Chiang_Mai,338,6,5,Square,West,9939840
Chiang_Mai,190,4,3,Square,South,5289019
Nonthaburi,133,3,3,Rectangle,East,5352606
Bangkok_Suburb,231,5,4,Square,North,10751664
Bangkok_CBD,128,3,2,Rectangle,North,11514603
Nonthaburi,264,6,5,Square,North,11047053
Bangkok_Suburb,63,1,1,Square,North,2773796
Bangkok_CBD,264,6,5,Rectangle,West,23595119
Bangkok_Suburb,177,4,4,Rectangle,East,8277417
Bangkok_CBD,359,6,5,Square,East,33235281
Chiang_Mai,297,6,5,Rectangle,North,8328499
Bangkok_Suburb,78,1,1,Irregular,West,2724594
Nonthaburi,329,6,5,Rectangle,South,10897688
Bangkok_Suburb,387,6,5,Square,North,17333369
Bangkok_Suburb,368,6,5,Square,South,15842689
Bangkok_Suburb,251,6,5,Irregular,East,9281681
Bangkok_CBD,106,2,1,Square,North,10776837
Chiang_Mai,267,6,5,Irregular,East,7107827
Nonthaburi,111,2,1,Rectangle,East,4238035
Chiang_Mai,206,5,5,Irregular,North,5067419
Chiang_Mai,251,6,5,Rectangle,West,6550666
Bangkok_Suburb,66,1,1,Flag,West,2266312
Chiang_Mai,371,6,5,Square,South,11328952
Bangkok_CBD,55,1,1,Rectangle,East,5535533
Bangkok_CBD,107,2,2,Rectangle,East,9769630
Bangkok_CBD,374,6,5,Rectangle,South,34444486
Bangkok_Suburb,367,6,5,Rectangle,East,16586522
Bangkok_Suburb,218,5,5,Irregular,North,8339416
Bangkok_Suburb,131,3,2,Flag,East,4462618
Nonthaburi,268,6,5,Rectangle,West,9361211
Bangkok_Suburb,226,5,5,Rectangle,East,9557543
Bangkok_Suburb,253,6,5,Rectangle,North,11281728
Bangkok_Suburb,120,3,2,Rectangle,South,5488419
Bangkok_CBD,315,6,5,Square,North,34481985
Nonthaburi,147,3,2,Square,North,5775840
Bangkok_CBD,394,6,5,Square,North,38281405
Chiang_Mai,340,6,5,Square,East,10030293
Nonthaburi,257,6,5,Square,South,10042761
Bangkok_CBD,51,1,1,Square,East,4829779
Bangkok_CBD,173,4,3,Square,North,19189356
Nonthaburi,329,6,5,Square,West,11613661
Nonthaburi,123,3,2,Flag,West,3202526
Nonthaburi,215,5,5,Rectangle,West,7661316
Nonthaburi,71,1,1,Square,North,3043352
Bangkok_CBD,203,5,4,Rectangle,East,18907664
Bangkok_Suburb,344,6,5,Square,West,14864609
Bangkok_CBD,268,6,5,Irregular,South,22733145
Chiang_Mai,206,5,4,Rectangle,North,5736644
Nonthaburi,279,6,5,Square,North,12169729
Bangkok_Suburb,69,1,1,Rectangle,East,2885961
Bangkok_CBD,90,2,2,Irregular,West,7118159
Bangkok_Suburb,197,4,4,Irregular,East,7774682
Bangkok_Suburb,157,3,3,Rectangle,East,6838793
Nonthaburi,133,3,2,Rectangle,North,5515893
Nonthaburi,371,6,5,Square,South,12634181
Chiang_Mai,358,6,5,Flag,West,7201812
Bangkok_Suburb,339,6,5,Square,East,16188758
Bangkok_CBD,372,6,5,Irregular,South,27856682
Nonthaburi,183,4,4,Rectangle,West,6530027
Nonthaburi,256,6,5,Rectangle,North,8938194
Bangkok_Suburb,332,6,5,Rectangle,East,13788461
Nonthaburi,315,6,5,Square,North,11784173
Bangkok_Suburb,122,3,3,Square,South,5180412
Bangkok_Suburb,97,2,1,Square,East,4533848
Bangkok_Suburb,375,6,5,Square,South,17834653
Bangkok_CBD,282,6,5,Rectangle,South,27449947
Bangkok_CBD,149,3,3,Square,East,15609245
Bangkok_CBD,108,2,2,Square,West,9276588
Nonthaburi,307,6,5,Flag,East,8664722
Bangkok_Suburb,114,2,1,Irregular,North,4252647
Bangkok_Suburb,132,3,3,Irregular,South,4659470
Chiang_Mai,203,5,4,Flag,South,4459417
Bangkok_Suburb,315,6,5,Square,East,13561856
Bangkok_Suburb,358,6,5,Square,West,14826976
Nonthaburi,128,3,2,Rectangle,West,4857923
Bangkok_Suburb,364,6,5,Rectangle,North,16740797
Bangkok_CBD,199,4,3,Square,West,17997312
Bangkok_Suburb,97,2,1,Irregular,North,3476153
Bangkok_CBD,297,6,5,Square,North,28499174
Chiang_Mai,327,6,5,Square,North,11349901
Nonthaburi,147,3,2,Rectangle,West,4787902
Nonthaburi,74,1,1,Rectangle,South,2619869
Chiang_Mai,333,6,5,Rectangle,North,9281202
Nonthaburi,350,6,5,Square,East,13684946
Bangkok_CBD,117,2,2,Irregular,South,8164489
Chiang_Mai,56,1,1,Square,North,1926805
Bangkok_Suburb,354,6,5,Square,West,16546514
Nonthaburi,186,4,4,Irregular,West,5886367
Chiang_Mai,213,5,4,Flag,East,4655766
Bangkok_Suburb,132,3,2,Irregular,West,5059828
Bangkok_CBD,187,4,3,Irregular,East,15149948
Bangkok_Suburb,122,3,2,Rectangle,West,4982191
Bangkok_Suburb,286,6,5,Rectangle,South,12670172
Nonthaburi,95,2,2,Square,South,3234761
Chiang_Mai,155,3,3,Rectangle,North,4443174
Bangkok_CBD,337,6,5,Square,West,32307665
Bangkok_Suburb,311,6,5,Square,East,13905672
Bangkok_Suburb,225,5,4,Rectangle,North,10622849
Bangkok_Suburb,215,5,5,Rectangle,North,9726801
Bangkok_CBD,194,4,3,Square,East,20397472
Bangkok_Suburb,379,6,5,Square,East,19476023
Chiang_Mai,332,6,5,Rectangle,South,10299388
Bangkok_Suburb,103,2,1,Square,West,4313279
Bangkok_Suburb,227,5,5,Irregular,North,8458534
Nonthaburi,293,6,5,Rectangle,South,10498440
Bangkok_Suburb,390,6,5,Rectangle,North,16279544
Chiang_Mai,176,4,4,Rectangle,West,4449486
Chiang_Mai,320,6,5,Irregular,West,7742449
Bangkok_Suburb,181,4,3,Square,East,8564328
Bangkok_Suburb,142,3,3,Rectangle,South,6744001
Bangkok_Suburb,122,3,3,Rectangle,East,5160557
Bangkok_Suburb,297,6,5,Square,East,13318720
Bangkok_CBD,397,6,5,Irregular,West,27404950
Nonthaburi,322,6,5,Rectangle,East,13078133
Bangkok_Suburb,92,2,2,Rectangle,East,4368279
Bangkok_CBD,90,2,1,Irregular,East,7695304
Bangkok_Suburb,219,5,4,Irregular,West,8497780
Chiang_Mai,261,6,5,Rectangle,East,7865845
Bangkok_Suburb,217,5,5,Irregular,North,8528658
Bangkok_CBD,88,2,2,Rectangle,South,7654528
Bangkok_Suburb,294,6,5,Rectangle,West,12536903
Chiang_Mai,200,5,4,Rectangle,North,6117542
Bangkok_Suburb,160,4,3,Rectangle,North,7337031
Nonthaburi,96,2,2,Square,North,4219925
Nonthaburi,112,2,2,Irregular,East,3946923
Bangkok_Suburb,274,6,5,Irregular,East,11190776
Nonthaburi,118,2,1,Square,South,4680764
Bangkok_Suburb,348,6,5,Irregular,South,13356838
Nonthaburi,339,6,5,Square,South,11936258
Nonthaburi,345,6,5,Square,East,12353489
Bangkok_Suburb,252,6,5,Rectangle,West,10960260
Bangkok_CBD,110,2,1,Square,East,11293393
Nonthaburi,367,6,5,Irregular,West,9987403
Bangkok_Suburb,363,6,5,Irregular,South,14598171
Bangkok_CBD,210,5,5,Rectangle,North,18601867
Bangkok_CBD,380,6,5,Square,South,34308685
Bangkok_Suburb,65,1,1,Square,East,3168668
Nonthaburi,387,6,5,Rectangle,South,13017554
Bangkok_CBD,143,3,2,Flag,North,9575939
Bangkok_Suburb,353,6,5,Rectangle,North,15793660
Bangkok_Suburb,187,4,3,Square,West,8644018
Nonthaburi,387,6,5,Rectangle,North,14675548
Bangkok_CBD,87,2,1,Rectangle,West,7825787
Nonthaburi,176,4,3,Rectangle,North,6899545
Bangkok_Suburb,324,6,5,Square,South,13267668
Chiang_Mai,213,5,4,Rectangle,South,6736585
Bangkok_CBD,368,6,5,Rectangle,East,31323319
Bangkok_Suburb,126,3,3,Flag,East,4722291
Bangkok_CBD,223,5,4,Square,North,22761694
Chiang_Mai,370,6,5,Rectangle,North,12479931
Chiang_Mai,140,3,3,Irregular,East,3321293
Bangkok_Suburb,287,6,5,Square,South,12969285
Nonthaburi,313,6,5,Irregular,West,8747405
Nonthaburi,228,5,5,Rectangle,West,7245197
Bangkok_Suburb,258,6,5,Square,South,11955784
Bangkok_Suburb,122,3,2,Square,South,5200850
Bangkok_Suburb,156,3,3,Rectangle,South,6860258
Bangkok_CBD,394,6,5,Square,North,36731602
Chiang_Mai,344,6,5,Rectangle,West,9285067
Chiang_Mai,333,6,5,Square,South,10617425
Nonthaburi,231,5,4,Rectangle,East,8550020
Bangkok_Suburb,86,2,1,Square,North,4278447
Bangkok_Suburb,186,4,4,Irregular,East,7382912
Nonthaburi,387,6,5,Flag,East,11812605
Chiang_Mai,105,2,2,Flag,West,2156161
Chiang_Mai,236,5,4,Rectangle,East,7342272
Nonthaburi,390,6,5,Square,East,16729256
Nonthaburi,307,6,5,Rectangle,West,11211693
Bangkok_CBD,107,2,2,Square,North,10791780
Bangkok_CBD,172,4,3,Square,East,17327561
Chiang_Mai,237,5,4,Square,North,8031993
Nonthaburi,279,6,5,Rectangle,South,10273818
Bangkok_CBD,217,5,4,Rectangle,West,17109196
Bangkok_CBD,163,4,4,Rectangle,North,14764505
Nonthaburi,301,6,5,Rectangle,West,11161183
Bangkok_CBD,156,3,2,Square,North,15048883
Bangkok_CBD,86,2,1,Flag,West,5983860
Bangkok_Suburb,384,6,5,Rectangle,South,16171260
Nonthaburi,141,3,3,Rectangle,West,4944208
Nonthaburi,67,1,1,Square,North,2474448
Bangkok_Suburb,112,2,1,Rectangle,West,4393086
Nonthaburi,199,4,3,Rectangle,South,7822329
Bangkok_Suburb,188,4,4,Square,East,9550582
Bangkok_Suburb,235,5,5,Square,West,10628267
Nonthaburi,234,5,4,Rectangle,North,8956597
Nonthaburi,254,6,5,Rectangle,West,9179497
Nonthaburi,309,6,5,Square,North,12787644
Nonthaburi,263,6,5,Flag,South,7315664
Bangkok_Suburb,305,6,5,Square,East,13105646
Bangkok_CBD,184,4,4,Rectangle,North,18221705
Bangkok_Suburb,110,2,2,Irregular,North,4600715
Bangkok_Suburb,359,6,5,Rectangle,North,18266167
Bangkok_Suburb,137,3,2,Rectangle,East,5559934
Chiang_Mai,373,6,5,Square,East,12257610
Bangkok_Suburb,256,6,5,Square,East,12236953
Chiang_Mai,178,4,4,Flag,North,4131341
Nonthaburi,360,6,5,Rectangle,North,12856778
Nonthaburi,52,1,1,Irregular,South,1576051
Bangkok_Suburb,291,6,5,Square,North,13705275
Bangkok_Suburb,170,4,4,Square,West,7167070
Bangkok_Suburb,151,3,2,Square,West,6933415
Bangkok_CBD,87,2,1,Rectangle,South,8147729
Nonthaburi,390,6,5,Square,East,15587973
Bangkok_Suburb,182,4,3,Irregular,West,7109009
Bangkok_CBD,251,6,5,Rectangle,North,23486541
Nonthaburi,397,6,5,Flag,North,11073741
Bangkok_CBD,70,1,1,Square,North,7294958
Chiang_Mai,291,6,5,Irregular,South,6753639
Chiang_Mai,158,3,3,Rectangle,North,4697004
Chiang_Mai,352,6,5,Rectangle,East,9974369
Bangkok_Suburb,133,3,3,Irregular,West,4364482
Bangkok_CBD,132,3,2,Rectangle,West,12275755
Chiang_Mai,340,6,5,Rectangle,East,9695383
Bangkok_Suburb,118,2,2,Square,North,5693300
Chiang_Mai,178,4,3,Square,West,4732571
Chiang_Mai,245,6,5,Irregular,East,6548547
Chiang_Mai,189,4,4,Rectangle,North,5636714
Bangkok_Suburb,332,6,5,Rectangle,North,16125740
Bangkok_Suburb,361,6,5,Rectangle,West,14859130
Chiang_Mai,283,6,5,Square,South,8022296
Bangkok_Suburb,72,1,1,Square,West,3168406
Bangkok_CBD,202,5,5,Rectangle,West,16327911
Bangkok_Suburb,326,6,5,Rectangle,East,14489743
Chiang_Mai,110,2,2,Square,East,3329490
Nonthaburi,368,6,5,Rectangle,East,14931033
Bangkok_Suburb,101,2,1,Square,East,4341569
Bangkok_CBD,393,6,5,Rectangle,East,38258106
Nonthaburi,202,5,4,Square,South,7137880
Chiang_Mai,286,6,5,Rectangle,South,7942009
Bangkok_CBD,360,6,5,Square,West,32361286
Bangkok_Suburb,351,6,5,Rectangle,East,17077086
Chiang_Mai,81,2,1,Square,South,2319029
Nonthaburi,104,2,1,Square,South,3603185
Nonthaburi,85,2,1,Square,East,3216908
Nonthaburi,159,3,3,Rectangle,South,5273629
Bangkok_Suburb,226,5,4,Rectangle,North,9687587
Bangkok_Suburb,363,6,5,Square,East,17358669
Nonthaburi,344,6,5,Rectangle,North,12108373
Nonthaburi,385,6,5,Irregular,East,11209568
Chiang_Mai,146,3,2,Rectangle,East,4565999
Chiang_Mai,262,6,5,Square,South,7689383
Bangkok_Suburb,366,6,5,Rectangle,West,14184703
Bangkok_Suburb,186,4,3,Square,South,8006354
Nonthaburi,55,1,1,Square,South,2134120
Nonthaburi,158,3,2,Flag,East,4309902
Nonthaburi,84,2,2,Square,South,3165847
Nonthaburi,88,2,2,Rectangle,North,3138778
Chiang_Mai,199,4,4,Rectangle,North,6251364
Bangkok_Suburb,167,4,4,Rectangle,East,7235669
Bangkok_Suburb,310,6,5,Rectangle,East,14298520
Bangkok_CBD,136,3,3,Square,North,14592246
Bangkok_Suburb,125,3,2,Square,North,6199149
Bangkok_CBD,362,6,5,Rectangle,North,33495119
Bangkok_Suburb,263,6,5,Square,West,10979176
Bangkok_Suburb,334,6,5,Square,East,15196157
Bangkok_Suburb,288,6,5,Square,East,12661377
Bangkok_Suburb,214,5,5,Square,North,9719180
Bangkok_CBD,136,3,3,Square,South,13574008
Bangkok_CBD,190,4,3,Square,North,18759204
Nonthaburi,209,5,5,Rectangle,North,7961550
Bangkok_Suburb,95,2,2,Rectangle,East,4353670
Bangkok_CBD,161,4,3,Irregular,North,13551393
Bangkok_Suburb,94,2,2,Square,North,4165392
Nonthaburi,296,6,5,Square,North,12759230
Bangkok_Suburb,153,3,2,Square,North,6943051
Nonthaburi,134,3,2,Rectangle,North,5401413
Bangkok_CBD,183,4,3,Rectangle,East,18084615
Bangkok_CBD,157,3,2,Square,West,14972693
Bangkok_Suburb,67,1,1,Irregular,East,2624055
Bangkok_Suburb,143,3,3,Square,East,6084548
Nonthaburi,199,4,4,Rectangle,North,7464479
Nonthaburi,295,6,5,Rectangle,West,10515139
Chiang_Mai,338,6,5,Irregular,East,8492388
Bangkok_Suburb,258,6,5,Rectangle,North,12815166
Bangkok_Suburb,175,4,4,Irregular,South,6234804
Nonthaburi,284,6,5,Square,North,11006626
Bangkok_Suburb,171,4,4,Irregular,East,6284517
Bangkok_Suburb,187,4,4,Square,East,8517474
Bangkok_CBD,164,4,4,Irregular,West,12410113
Bangkok_CBD,211,5,4,Rectangle,East,20592014
Chiang_Mai,250,6,5,Irregular,South,6374738
Nonthaburi,283,6,5,Rectangle,West,10488302
Nonthaburi,77,1,1,Rectangle,North,3200565
Bangkok_Suburb,60,1,1,Rectangle,North,2953932
Bangkok_CBD,255,6,5,Rectangle,East,21597565
Bangkok_CBD,216,5,4,Square,East,22206365
Bangkok_Suburb,296,6,5,Square,East,13135214
Bangkok_Suburb,96,2,2,Square,West,3904112
Nonthaburi,295,6,5,Square,South,11438635
Nonthaburi,176,4,3,Irregular,South,5237248
Bangkok_Suburb,196,4,3,Square,East,8418183
Chiang_Mai,167,4,3,Flag,West,3296204
Nonthaburi,201,5,4,Square,West,6617784
Bangkok_Suburb,121,3,3,Square,West,5738969
Nonthaburi,186,4,3,Rectangle,North,6494885
Bangkok_Suburb,224,5,4,Rectangle,South,9118290
Bangkok_Suburb,338,6,5,Rectangle,North,15388974
Bangkok_Suburb,68,1,1,Rectangle,North,3058416
Nonthaburi,244,6,5,Rectangle,North,10190658
Bangkok_CBD,379,6,5,Square,South,32462316
Bangkok_CBD,224,5,4,Flag,South,15403939
Bangkok_CBD,190,4,3,Flag,North,14469079
Bangkok_CBD,295,6,5,Rectangle,East,30032061
Chiang_Mai,142,3,2,Square,East,4568468
Nonthaburi,288,6,5,Rectangle,East,11451528
Bangkok_Suburb,254,6,5,Square,North,11295710
Bangkok_CBD,97,2,2,Square,East,9305735
Bangkok_Suburb,294,6,5,Square,South,12975562
Bangkok_Suburb,369,6,5,Rectangle,North,18406611
Bangkok_CBD,366,6,5,Irregular,North,28153470
Bangkok_Suburb,344,6,5,Rectangle,East,14396478
Bangkok_Suburb,177,4,3,Rectangle,West,7161152
Nonthaburi,393,6,5,Rectangle,South,12892686
Nonthaburi,331,6,5,Square,South,11695497
Bangkok_CBD,66,1,1,Square,East,7082419
Bangkok_Suburb,120,3,3,Flag,East,4053569
Nonthaburi,318,6,5,Square,North,13194575
Bangkok_Suburb,374,6,5,Irregular,South,14480985
Chiang_Mai,331,6,5,Rectangle,West,8998846
Nonthaburi,354,6,5,Rectangle,South,11849787
Bangkok_CBD,56,1,1,Rectangle,West,4600918
Bangkok_CBD,363,6,5,Rectangle,South,31462987
Nonthaburi,354,6,5,Irregular,North,12027182
Bangkok_CBD,152,3,3,Irregular,West,11140159
Bangkok_Suburb,358,6,5,Rectangle,North,14942064
Chiang_Mai,242,6,5,Square,East,7638263
Bangkok_Suburb,290,6,5,Rectangle,North,14560504
Bangkok_Suburb,111,2,1,Irregular,North,4680567
Nonthaburi,66,1,1,Square,East,2760397
Bangkok_Suburb,220,5,5,Rectangle,North,10788257
Bangkok_Suburb,74,1,1,Rectangle,East,3211319
Chiang_Mai,300,6,5,Rectangle,East,9473557
Bangkok_Suburb,302,6,5,Square,North,13604481
Chiang_Mai,256,6,5,Rectangle,North,8151997
Chiang_Mai,78,1,1,Irregular,East,2061678
Bangkok_CBD,166,4,4,Square,East,14750687
Bangkok_CBD,331,6,5,Square,South,33019751
Bangkok_CBD,193,4,3,Flag,South,14307584
Bangkok_CBD,74,1,1,Square,West,6451623
Bangkok_CBD,359,6,5,Irregular,South,29436833
Nonthaburi,205,5,5,Rectangle,East,7042631
Bangkok_CBD,122,3,2,Square,South,11737729
Bangkok_Suburb,169,4,4,Irregular,North,6688354
Nonthaburi,361,6,5,Rectangle,East,13656373
Bangkok_CBD,370,6,5,Rectangle,South,36153584
Nonthaburi,142,3,3,Square,East,5990456
Bangkok_Suburb,135,3,3,Rectangle,South,6167090
Bangkok_CBD,385,6,5,Square,West,33610119
Nonthaburi,167,4,4,Square,West,6611104
Nonthaburi,282,6,5,Flag,West,6897364
Chiang_Mai,248,6,5,Square,East,8341737
Nonthaburi,255,6,5,Rectangle,East,9230162
Nonthaburi,388,6,5,Square,East,13876947
Bangkok_Suburb,196,4,3,Rectangle,East,9115098
Bangkok_CBD,320,6,5,Square,South,28561790
Nonthaburi,188,4,4,Flag,South,4894151
Nonthaburi,230,5,4,Rectangle,South,7962130
Chiang_Mai,79,1,1,Square,East,2265288
Bangkok_Suburb,106,2,1,Square,North,4810013
Bangkok_Suburb,281,6,5,Square,East,11931271
Nonthaburi,195,4,4,Rectangle,North,7442408
Bangkok_Suburb,97,2,1,Square,West,3903337
Chiang_Mai,243,6,5,Irregular,East,6474244
Chiang_Mai,273,6,5,Rectangle,North,7981901
Bangkok_Suburb,185,4,4,Square,North,9770507
Nonthaburi,71,1,1,Rectangle,South,2746927
Nonthaburi,55,1,1,Rectangle,South,1897408
Bangkok_CBD,253,6,5,Square,East,26245191
Chiang_Mai,288,6,5,Square,North,9878799
Bangkok_Suburb,234,5,4,Square,East,12100083
Nonthaburi,341,6,5,Rectangle,East,13032510
Bangkok_Suburb,384,6,5,Rectangle,South,15208196
Chiang_Mai,269,6,5,Rectangle,South,7978038
Bangkok_Suburb,165,4,4,Irregular,East,6520757
Bangkok_CBD,362,6,5,Irregular,North,30761121
Chiang_Mai,98,2,2,Rectangle,West,2631566
Bangkok_CBD,222,5,4,Irregular,East,19114922
Bangkok_Suburb,131,3,3,Square,South,6476196
Chiang_Mai,371,6,5,Square,North,11320755
Chiang_Mai,382,6,5,Square,East,11012402
Bangkok_Suburb,94,2,1,Square,North,4281359
Nonthaburi,384,6,5,Rectangle,East,15317060
Bangkok_Suburb,69,1,1,Irregular,West,2565327
Bangkok_Suburb,270,6,5,Square,East,13069679
Bangkok_Suburb,172,4,4,Square,North,8179837
Nonthaburi,283,6,5,Rectangle,North,11090242
Nonthaburi,270,6,5,Irregular,East,8341757
Nonthaburi,372,6,5,Square,North,14969526
Nonthaburi,388,6,5,Rectangle,North,15849495
Bangkok_CBD,52,1,1,Square,South,5376988
Bangkok_Suburb,231,5,5,Square,East,11827228
Bangkok_CBD,255,6,5,Flag,North,20368846
Bangkok_Suburb,369,6,5,Flag,West,11548148
Bangkok_Suburb,89,2,1,Square,North,4290440
Chiang_Mai,108,2,1,Flag,West,2392759
Bangkok_Suburb,111,2,1,Rectangle,East,5414603
Bangkok_CBD,181,4,3,Irregular,West,12571506
Bangkok_CBD,109,2,2,Rectangle,South,9429850
Nonthaburi,380,6,5,Rectangle,West,12309545
Nonthaburi,171,4,3,Rectangle,West,6103776
Bangkok_CBD,156,3,2,Rectangle,North,14466124
Bangkok_CBD,145,3,3,Square,West,12797329
Nonthaburi,396,6,5,Square,East,14216389
Bangkok_CBD,284,6,5,Square,East,27044111
Nonthaburi,111,2,2,Rectangle,East,4462492
Nonthaburi,305,6,5,Square,East,11337933
Bangkok_CBD,98,2,1,Rectangle,North,9822995
Bangkok_CBD,397,6,5,Flag,East,29080683
Chiang_Mai,208,5,5,Square,East,7009568
Bangkok_Suburb,173,4,4,Rectangle,South,6926858
Bangkok_Suburb,366,6,5,Rectangle,West,16798201
Nonthaburi,256,6,5,Irregular,East,8361208
Chiang_Mai,97,2,1,Square,East,3349328
Chiang_Mai,185,4,4,Rectangle,North,6180978
Nonthaburi,250,6,5,Irregular,North,7808209
Bangkok_Suburb,299,6,5,Irregular,North,10813877
Bangkok_CBD,363,6,5,Rectangle,East,32355121
Nonthaburi,367,6,5,Rectangle,North,14239681
Bangkok_Suburb,344,6,5,Rectangle,West,13465297
Bangkok_Suburb,363,6,5,Irregular,East,13064992
Chiang_Mai,258,6,5,Rectangle,East,7679021
Bangkok_CBD,260,6,5,Square,East,23142786
Bangkok_Suburb,241,6,5,Irregular,North,8841939
Bangkok_CBD,93,2,1,Rectangle,East,8568604
Bangkok_Suburb,78,1,1,Rectangle,South,3076465
Bangkok_CBD,108,2,1,Square,East,10383960
Bangkok_CBD,120,3,2,Rectangle,East,11187037
Bangkok_CBD,141,3,2,Square,West,12767026
Nonthaburi,314,6,5,Rectangle,West,11771942
Nonthaburi,269,6,5,Square,South,10210392
Bangkok_Suburb,264,6,5,Rectangle,East,11799200
Chiang_Mai,326,6,5,Flag,South,7028552
Bangkok_Suburb,113,2,2,Square,North,5829848
Bangkok_Suburb,395,6,5,Flag,East,14607051
Chiang_Mai,341,6,5,Rectangle,North,11270363
Bangkok_Suburb,294,6,5,Irregular,East,11728910
Chiang_Mai,111,2,2,Rectangle,East,3087247
Bangkok_CBD,381,6,5,Rectangle,North,35114383
Chiang_Mai,219,5,4,Rectangle,West,5561353
Bangkok_CBD,318,6,5,Irregular,West,25840268
Chiang_Mai,316,6,5,Rectangle,South,9397393
Bangkok_Suburb,103,2,1,Square,East,5092929
Chiang_Mai,65,1,1,Rectangle,West,1747033
Bangkok_CBD,57,1,1,Irregular,North,5039013
Bangkok_Suburb,153,3,2,Rectangle,South,6294436
Chiang_Mai,108,2,2,Rectangle,North,3001660
Bangkok_Suburb,362,6,5,Rectangle,South,15258220
Nonthaburi,89,2,2,Irregular,North,2985334
Nonthaburi,286,6,5,Square,West,10415898
Bangkok_Suburb,143,3,3,Rectangle,West,6424823
Nonthaburi,271,6,5,Square,North,10090604
Bangkok_Suburb,253,6,5,Square,East,12050712
Chiang_Mai,187,4,4,Square,West,5485823
Bangkok_CBD,349,6,5,Square,East,32765045
Bangkok_Suburb,256,6,5,Rectangle,West,11416307
Chiang_Mai,385,6,5,Square,East,12706808
Chiang_Mai,130,3,2,Rectangle,East,4079997
Bangkok_Suburb,267,6,5,Square,North,13926671
Nonthaburi,51,1,1,Square,North,2153536
Bangkok_Suburb,227,5,4,Square,South,9726443
Bangkok_CBD,395,6,5,Square,East,40373433
Bangkok_Suburb,328,6,5,Rectangle,East,14186661
Bangkok_Suburb,195,4,3,Rectangle,East,8319187
Bangkok_Suburb,367,6,5,Rectangle,East,15098589
Bangkok_CBD,273,6,5,Rectangle,West,24990713
Chiang_Mai,111,2,2,Square,West,3384920
Chiang_Mai,343,6,5,Irregular,East,8348316
Nonthaburi,288,6,5,Rectangle,West,10556291
Bangkok_Suburb,244,6,5,Rectangle,South,11426434
Bangkok_Suburb,215,5,5,Square,East,9337396
Nonthaburi,271,6,5,Square,West,9381813
Nonthaburi,110,2,1,Square,North,4669319
Bangkok_CBD,178,4,3,Square,North,17177839
Chiang_Mai,222,5,5,Rectangle,West,6355054
Nonthaburi,205,5,5,Rectangle,East,7040722
Chiang_Mai,159,3,3,Rectangle,West,4398417
Nonthaburi,318,6,5,Rectangle,West,11633061
Nonthaburi,327,6,5,Irregular,North,11218974
Bangkok_Suburb,123,3,2,Rectangle,West,5477803
Chiang_Mai,256,6,5,Flag,East,6290638
Chiang_Mai,328,6,5,Square,East,10867449
Bangkok_CBD,375,6,5,Square,South,36585751
Bangkok_CBD,389,6,5,Square,West,32237937
Bangkok_Suburb,389,6,5,Rectangle,North,18138613
Nonthaburi,253,6,5,Irregular,East,7377289
Chiang_Mai,210,5,5,Square,South,6729186
Bangkok_CBD,77,1,1,Irregular,South,5729406
Bangkok_Suburb,306,6,5,Square,South,14027441
Bangkok_Suburb,214,5,5,Irregular,North,8118996
Chiang_Mai,112,2,2,Square,North,3826727
Nonthaburi,71,1,1,Square,East,3003696
Nonthaburi,119,2,2,Rectangle,West,4070367
Bangkok_Suburb,145,3,2,Square,North,7544505
Bangkok_Suburb,212,5,5,Square,North,9805034
Bangkok_Suburb,128,3,2,Square,West,5656864
Bangkok_CBD,54,1,1,Irregular,North,4785507
Chiang_Mai,365,6,5,Rectangle,West,9839441
Nonthaburi,169,4,3,Square,South,6955398
Chiang_Mai,351,6,5,Rectangle,West,9062054
Chiang_Mai,227,5,4,Rectangle,North,6332353
Bangkok_Suburb,225,5,4,Square,North,11796957
Nonthaburi,266,6,5,Rectangle,South,8753521
Chiang_Mai,105,2,2,Square,West,3374546
Nonthaburi,236,5,4,Square,South,9708152
Bangkok_Suburb,281,6,5,Rectangle,North,12067109
Bangkok_Suburb,304,6,5,Square,South,13867366
Bangkok_CBD,153,3,3,Rectangle,South,12907646
Chiang_Mai,126,3,3,Rectangle,South,3578148
Nonthaburi,279,6,5,Square,South,9603323
Bangkok_Suburb,307,6,5,Rectangle,West,12151601
Nonthaburi,313,6,5,Square,South,11486554
Nonthaburi,380,6,5,Flag,North,11034913
Bangkok_Suburb,231,5,4,Rectangle,East,11383159
Bangkok_CBD,305,6,5,Irregular,North,26772542
Nonthaburi,87,2,2,Rectangle,East,3416043
Bangkok_Suburb,225,5,4,Square,East,10681449
Nonthaburi,76,1,1,Rectangle,North,3132068
Bangkok_Suburb,325,6,5,Flag,East,10780462
Chiang_Mai,189,4,3,Rectangle,North,6078191
Bangkok_Suburb,348,6,5,Irregular,West,13730812
Bangkok_Suburb,336,6,5,Irregular,West,11618431
Chiang_Mai,140,3,3,Square,North,4685176
Bangkok_Suburb,110,2,2,Square,West,5160363
Bangkok_CBD,396,6,5,Rectangle,East,40196286
Bangkok_CBD,212,5,5,Rectangle,North,21342779
Nonthaburi,192,4,3,Irregular,North,6075564
Nonthaburi,302,6,5,Irregular,East,9366134
Nonthaburi,318,6,5,Square,South,10848137
Bangkok_Suburb,340,6,5,Square,South,16197047
Bangkok_CBD,236,5,5,Rectangle,North,20684569
Bangkok_CBD,353,6,5,Square,North,38276861
Bangkok_Suburb,340,6,5,Irregular,East,12109241
Bangkok_Suburb,135,3,3,Rectangle,North,5840943
Bangkok_Suburb,215,5,4,Rectangle,North,9908836
Bangkok_Suburb,163,4,3,Square,North,8283320
Chiang_Mai,232,5,4,Rectangle,West,6011924
Bangkok_Suburb,256,6,5,Rectangle,West,10596571
Bangkok_Suburb,305,6,5,Rectangle,East,13672455
Nonthaburi,284,6,5,Square,West,9789584
Bangkok_Suburb,52,1,1,Rectangle,East,2159217
Nonthaburi,257,6,5,Irregular,East,8813003
Chiang_Mai,246,6,5,Square,North,7959563
Chiang_Mai,390,6,5,Square,South,10628442
Bangkok_CBD,174,4,3,Square,West,16874219
Chiang_Mai,187,4,3,Rectangle,South,5905932
Bangkok_Suburb,388,6,5,Rectangle,East,17822762
Bangkok_Suburb,74,1,1,Rectangle,South,3200503
Bangkok_Suburb,117,2,1,Square,North,6105222
Chiang_Mai,110,2,1,Square,West,3509894
Bangkok_Suburb,78,1,1,Rectangle,East,3687209
Bangkok_Suburb,68,1,1,Rectangle,East,3025406
Nonthaburi,220,5,5,Flag,East,6399089
Bangkok_Suburb,123,3,2,Square,South,5792747
Bangkok_CBD,110,2,2,Rectangle,North,9962715
Bangkok_CBD,202,5,5,Rectangle,South,17995517
Bangkok_CBD,325,6,5,Rectangle,North,33420477
Bangkok_CBD,97,2,2,Rectangle,South,9003900
Bangkok_CBD,260,6,5,Rectangle,West,22290113
Nonthaburi,392,6,5,Flag,West,10767882
Bangkok_CBD,188,4,4,Square,East,17047613
Bangkok_Suburb,159,3,2,Square,East,7345105
Chiang_Mai,232,5,5,Rectangle,North,7581707
Bangkok_Suburb,77,1,1,Rectangle,South,3141768
Nonthaburi,246,6,5,Square,North,9319955
Bangkok_CBD,240,6,5,Square,East,25686437
Bangkok_CBD,364,6,5,Square,North,34652365
Bangkok_CBD,100,2,2,Irregular,North,7873369
Bangkok_CBD,198,4,4,Square,South,20430492
Bangkok_Suburb,317,6,5,Square,North,16099524
Bangkok_CBD,99,2,1,Square,South,9710948
Bangkok_CBD,295,6,5,Square,East,31005889
Bangkok_CBD,162,4,4,Square,North,15114166
Bangkok_Suburb,219,5,4,Rectangle,East,10256835
Bangkok_Suburb,215,5,4,Square,North,10437344
Bangkok_Suburb,63,1,1,Irregular,North,2665076
Bangkok_Suburb,252,6,5,Square,South,11428130
Nonthaburi,337,6,5,Rectangle,North,13316710
Bangkok_CBD,238,5,4,Irregular,West,17726113
Nonthaburi,204,5,5,Rectangle,North,7837464
Nonthaburi,104,2,1,Rectangle,North,4228178
Bangkok_CBD,231,5,4,Square,South,22349343
Chiang_Mai,259,6,5,Square,East,8353609
Chiang_Mai,124,3,2,Rectangle,North,3789817
Bangkok_CBD,326,6,5,Flag,East,23421223
Bangkok_Suburb,182,4,4,Rectangle,North,8841667
Nonthaburi,392,6,5,Rectangle,West,14577845
Nonthaburi,108,2,2,Rectangle,East,4207531
Bangkok_CBD,394,6,5,Rectangle,South,38483553
Bangkok_Suburb,231,5,5,Square,West,10788116
Bangkok_Suburb,388,6,5,Rectangle,East,17668957
Bangkok_Suburb,370,6,5,Flag,West,12215274
Nonthaburi,113,2,2,Square,East,4815859
Bangkok_Suburb,376,6,5,Rectangle,West,16127959
Bangkok_Suburb,309,6,5,Square,North,15963334
Nonthaburi,242,6,5,Rectangle,South,9044750
Bangkok_CBD,192,4,4,Square,East,19045395
Bangkok_Suburb,153,3,2,Rectangle,East,6526899
Nonthaburi,263,6,5,Rectangle,South,9331755
Chiang_Mai,291,6,5,Square,South,9605231
Bangkok_Suburb,258,6,5,Rectangle,North,12323644
Bangkok_Suburb,142,3,3,Rectangle,North,6659993
Bangkok_CBD,191,4,4,Irregular,South,16016817
Bangkok_Suburb,161,4,3,Square,South,7415560
Bangkok_Suburb,108,2,1,Square,West,4764846
Bangkok_Suburb,92,2,2,Square,South,4381418
Bangkok_Suburb,256,6,5,Flag,West,8519080
Bangkok_Suburb,317,6,5,Irregular,South,11022306
Bangkok_CBD,345,6,5,Rectangle,North,33090736
Bangkok_Suburb,167,4,3,Irregular,North,6591795
Bangkok_Suburb,69,1,1,Rectangle,South,2909414
Bangkok_Suburb,271,6,5,Rectangle,South,11752586
Bangkok_CBD,215,5,4,Square,North,21350829
Chiang_Mai,180,4,3,Rectangle,East,5073263
Bangkok_Suburb,205,5,4,Square,West,8839754
Nonthaburi,233,5,4,Irregular,East,6845878
Nonthaburi,139,3,3,Rectangle,East,5289390
Bangkok_Suburb,143,3,2,Rectangle,East,6887397
Bangkok_CBD,62,1,1,Square,North,6548199
Bangkok_Suburb,371,6,5,Square,East,16994857
Bangkok_Suburb,342,6,5,Square,East,14785422
Nonthaburi,279,6,5,Square,North,10606708
Bangkok_Suburb,371,6,5,Square,South,16950219
Bangkok_CBD,341,6,5,Irregular,East,25786035
Bangkok_Suburb,75,1,1,Rectangle,West,3169758
Bangkok_Suburb,124,3,2,Square,West,5150213
Nonthaburi,348,6,5,Square,North,15049625
Bangkok_Suburb,199,4,3,Rectangle,South,8423681
Bangkok_Suburb,197,4,4,Rectangle,East,8410495
Chiang_Mai,57,1,1,Rectangle,West,1691455
Nonthaburi,78,1,1,Irregular,North,2498759
Bangkok_Suburb,345,6,5,Rectangle,South,13751649
Bangkok_CBD,258,6,5,Flag,South,17948032
Bangkok_CBD,177,4,3,Irregular,North,14874437
Bangkok_Suburb,389,6,5,Square,North,19680668
Bangkok_CBD,165,4,3,Irregular,South,12072272
Bangkok_CBD,193,4,3,Square,South,17999999
Bangkok_Suburb,367,6,5,Irregular,East,13534150
Bangkok_CBD,284,6,5,Square,South,24543192
Chiang_Mai,56,1,1,Irregular,East,1547845
Bangkok_CBD,94,2,1,Irregular,South,7586514
Bangkok_Suburb,288,6,5,Irregular,North,10976835
Bangkok_Suburb,204,5,4,Rectangle,West,8716439
Chiang_Mai,230,5,5,Square,North,6993788
Bangkok_CBD,264,6,5,Square,East,27941046
Bangkok_Suburb,137,3,2,Rectangle,North,5855194
Chiang_Mai,305,6,5,Square,North,8884899
Chiang_Mai,122,3,2,Rectangle,East,3660005
Nonthaburi,228,5,5,Square,North,9370136
Bangkok_Suburb,261,6,5,Flag,West,8462693
Bangkok_CBD,342,6,5,Rectangle,North,30052776
Nonthaburi,283,6,5,Irregular,East,8754617
Chiang_Mai,288,6,5,Square,East,9046358
Bangkok_Suburb,272,6,5,Irregular,North,10183735
Bangkok_Suburb,168,4,4,Irregular,North,7164847
Bangkok_Suburb,362,6,5,Rectangle,East,14938824
Nonthaburi,313,6,5,Rectangle,East,11703201
Bangkok_CBD,256,6,5,Rectangle,East,24908829
Bangkok_Suburb,144,3,3,Square,East,6462511
Bangkok_Suburb,271,6,5,Rectangle,East,12493023
Bangkok_Suburb,325,6,5,Square,North,16804350
Bangkok_Suburb,280,6,5,Square,East,12377536
Bangkok_CBD,358,6,5,Square,West,35466136
Nonthaburi,168,4,4,Square,East,6668028
Bangkok_Suburb,317,6,5,Square,South,13776187
Bangkok_Suburb,322,6,5,Square,East,14964097
Bangkok_CBD,113,2,1,Flag,South,7460629
Bangkok_Suburb,347,6,5,Rectangle,South,15671828
Bangkok_Suburb,399,6,5,Flag,East,14484882
Bangkok_CBD,60,1,1,Rectangle,West,5585585
Bangkok_Suburb,147,3,3,Square,North,7823769
Bangkok_CBD,120,3,2,Rectangle,North,12250645
Bangkok_CBD,107,2,1,Rectangle,South,9829359
Chiang_Mai,339,6,5,Square,West,9600180
Bangkok_Suburb,300,6,5,Rectangle,North,14015399
Nonthaburi,325,6,5,Square,North,11932224
Bangkok_Suburb,99,2,1,Rectangle,North,4808660
Nonthaburi,265,6,5,Rectangle,North,10115159
Nonthaburi,101,2,1,Square,South,3444917
Bangkok_Suburb,320,6,5,Square,East,13760228
Bangkok_Suburb,133,3,3,Rectangle,East,5847957
Bangkok_Suburb,342,6,5,Rectangle,East,15640512
Bangkok_Suburb,175,4,3,Square,North,8428473
Chiang_Mai,345,6,5,Flag,North,8307854
Nonthaburi,121,3,3,Square,South,4547337
Chiang_Mai,345,6,5,Rectangle,West,9947480
Bangkok_CBD,285,6,5,Flag,West,17887847
Nonthaburi,105,2,2,Square,North,3915957
Chiang_Mai,159,3,3,Square,West,4742068
Bangkok_CBD,241,6,5,Square,South,22662716
Bangkok_CBD,142,3,2,Square,South,12126708
Nonthaburi,399,6,5,Square,East,15294190
Bangkok_Suburb,105,2,1,Rectangle,East,4351047
Nonthaburi,109,2,2,Square,East,4307274
Bangkok_CBD,187,4,3,Rectangle,North,17663629
Nonthaburi,88,2,2,Flag,North,2645749
Bangkok_Suburb,77,1,1,Irregular,North,3242922
Bangkok_CBD,98,2,1,Rectangle,East,8815863
Bangkok_CBD,174,4,3,Square,South,17929404
Nonthaburi,62,1,1,Rectangle,East,2340633
Nonthaburi,85,2,2,Rectangle,North,3357534
Bangkok_Suburb,150,3,2,Rectangle,West,6511328
Bangkok_Suburb,331,6,5,Square,West,15012031
Chiang_Mai,135,3,2,Irregular,South,3341275
Bangkok_Suburb,53,1,1,Rectangle,West,2188800
Nonthaburi,272,6,5,Square,East,9728189
Bangkok_Suburb,387,6,5,Square,West,15361914
Bangkok_Suburb,215,5,4,Rectangle,North,9672759
Bangkok_Suburb,393,6,5,Irregular,East,14648417
Bangkok_Suburb,327,6,5,Rectangle,North,14801636
Nonthaburi,179,4,3,Rectangle,North,6407592
Bangkok_Suburb,80,2,1,Square,North,4065656
Bangkok_Suburb,60,1,1,Rectangle,South,2778207
Chiang_Mai,351,6,5,Rectangle,South,11000357
Bangkok_Suburb,145,3,2,Square,East,6822542
Bangkok_Suburb,239,5,4,Square,North,12059652
Chiang_Mai,241,6,5,Rectangle,West,7209782
Nonthaburi,315,6,5,Square,South,11690728
Bangkok_CBD,177,4,3,Rectangle,East,15954854
Chiang_Mai,287,6,5,Square,South,9419460
Nonthaburi,161,4,3,Square,North,6528830
Bangkok_Suburb,365,6,5,Square,East,17190813
Bangkok_CBD,392,6,5,Flag,West,24391390
Nonthaburi,194,4,3,Irregular,North,5913691
Nonthaburi,114,2,2,Flag,East,3478609
Bangkok_Suburb,296,6,5,Rectangle,West,12683991
Chiang_Mai,272,6,5,Square,South,7924050
Nonthaburi,362,6,5,Rectangle,North,13107467
Bangkok_CBD,155,3,3,Rectangle,North,15118622
Bangkok_Suburb,230,5,4,Irregular,North,9281914
Bangkok_Suburb,233,5,5,Square,South,9931105
Nonthaburi,275,6,5,Rectangle,East,11032859
Bangkok_CBD,314,6,5,Square,North,29095065
Bangkok_Suburb,327,6,5,Square,West,13938958
Nonthaburi,138,3,2,Rectangle,East,5359553
Chiang_Mai,225,5,5,Rectangle,North,6631969
Bangkok_Suburb,67,1,1,Square,East,3364222
Nonthaburi,155,3,2,Square,South,6128706
Bangkok_CBD,320,6,5,Rectangle,North,32654427
Nonthaburi,368,6,5,Rectangle,North,13118447
Bangkok_CBD,216,5,4,Irregular,West,14997784
Bangkok_Suburb,62,1,1,Flag,East,2034121
Nonthaburi,386,6,5,Rectangle,East,14521522
Bangkok_CBD,81,2,1,Square,East,8346628
Bangkok_Suburb,89,2,2,Rectangle,North,4398523
Nonthaburi,197,4,4,Rectangle,North,7912398
Nonthaburi,267,6,5,Square,East,11383865
Nonthaburi,268,6,5,Irregular,North,9287349
Nonthaburi,131,3,3,Square,North,5090486
Bangkok_Suburb,382,6,5,Irregular,West,13073114
Bangkok_Suburb,257,6,5,Rectangle,West,11189496
Bangkok_Suburb,250,6,5,Rectangle,South,10140824
Bangkok_CBD,381,6,5,Rectangle,West,30545371
Chiang_Mai,87,2,1,Irregular,North,2316855
Bangkok_Suburb,260,6,5,Rectangle,West,11593409
Bangkok_Suburb,376,6,5,Rectangle,North,16022630
Bangkok_Suburb,298,6,5,Square,West,13842762
Chiang_Mai,276,6,5,Rectangle,West,8189041
Bangkok_CBD,97,2,1,Square,South,9117088
Bangkok_Suburb,67,1,1,Rectangle,West,2558442
Bangkok_Suburb,344,6,5,Rectangle,East,14466741
Nonthaburi,245,6,5,Rectangle,North,9846136
Bangkok_CBD,236,5,5,Square,East,24150649
Chiang_Mai,394,6,5,Square,East,13364064
Chiang_Mai,273,6,5,Rectangle,North,8566877
Bangkok_Suburb,367,6,5,Square,South,15367103
Nonthaburi,386,6,5,Square,West,13048980
Chiang_Mai,278,6,5,Square,North,9388138
Nonthaburi,126,3,3,Flag,South,3238780
Bangkok_CBD,237,5,4,Rectangle,West,19975664
Bangkok_Suburb,395,6,5,Square,West,17292210
Nonthaburi,319,6,5,Square,West,10558470
Bangkok_Suburb,144,3,2,Square,East,6444960
Nonthaburi,359,6,5,Rectangle,West,12302692
Chiang_Mai,181,4,3,Rectangle,South,4985133
Chiang_Mai,88,2,1,Square,North,2638947
Bangkok_Suburb,121,3,3,Square,East,5962029
Bangkok_CBD,330,6,5,Square,South,33076735
Chiang_Mai,382,6,5,Rectangle,North,11220361
Nonthaburi,209,5,4,Rectangle,South,7940253
Bangkok_CBD,236,5,5,Square,South,21751168
Chiang_Mai,240,6,5,Square,North,7771978
Chiang_Mai,169,4,3,Square,East,5687327
Bangkok_Suburb,269,6,5,Flag,South,9300431
Bangkok_Suburb,102,2,1,Square,East,5099965
Bangkok_Suburb,271,6,5,Rectangle,North,11637234
Bangkok_CBD,180,4,4,Rectangle,North,15870064
Bangkok_Suburb,286,6,5,Square,East,14537883
Nonthaburi,295,6,5,Square,West,10547579
Bangkok_CBD,275,6,5,Square,North,26613129
Bangkok_Suburb,257,6,5,Rectangle,South,11606167
Bangkok_Suburb,145,3,3,Rectangle,North,7165979
Bangkok_Suburb,249,6,5,Rectangle,East,12012532
Chiang_Mai,296,6,5,Rectangle,West,7963039
Bangkok_Suburb,121,3,2,Square,South,5864307
Bangkok_Suburb,367,6,5,Flag,North,11758984
Nonthaburi,234,5,4,Rectangle,East,7981462
Bangkok_Suburb,55,1,1,Square,North,2733961
Bangkok_Suburb,255,6,5,Flag,East,7975725
Bangkok_Suburb,81,2,1,Rectangle,South,3377861
Bangkok_CBD,148,3,3,Rectangle,North,14770675
Bangkok_CBD,305,6,5,Rectangle,North,28465350
Bangkok_Suburb,236,5,4,Irregular,East,8516137
Bangkok_Suburb,125,3,3,Rectangle,West,5007867
Chiang_Mai,226,5,5,Square,West,6556651
Bangkok_Suburb,364,6,5,Square,North,17570714
Bangkok_Suburb,336,6,5,Irregular,South,13151272
Nonthaburi,398,6,5,Square,East,16411411
Bangkok_CBD,304,6,5,Square,East,29587443
Nonthaburi,374,6,5,Rectangle,South,14400810
Bangkok_CBD,239,5,5,Rectangle,West,19250799
Chiang_Mai,357,6,5,Rectangle,West,9483135
Bangkok_CBD,394,6,5,Irregular,East,33724013
Bangkok_Suburb,176,4,4,Square,East,8091444
Bangkok_CBD,336,6,5,Square,South,34743236
Chiang_Mai,303,6,5,Square,North,9732883
Bangkok_Suburb,262,6,5,Irregular,East,10691479
Bangkok_Suburb,299,6,5,Rectangle,East,13186831
Bangkok_CBD,133,3,2,Square,South,12356930
Nonthaburi,62,1,1,Irregular,North,2002616
Bangkok_Suburb,94,2,2,Irregular,North,3894328
Chiang_Mai,176,4,3,Irregular,West,4253482
Bangkok_Suburb,163,4,3,Irregular,North,7043671
Bangkok_CBD,325,6,5,Square,East,30317212
Bangkok_CBD,254,6,5,Rectangle,North,22545575
Bangkok_Suburb,386,6,5,Rectangle,North,17492166
Bangkok_Suburb,322,6,5,Irregular,North,13078501
Bangkok_CBD,107,2,2,Rectangle,North,11067000
Nonthaburi,377,6,5,Rectangle,West,12757140
Bangkok_Suburb,268,6,5,Rectangle,North,12791430
Bangkok_Suburb,158,3,3,Square,West,6726856
Bangkok_Suburb,328,6,5,Rectangle,East,15099989
Bangkok_Suburb,223,5,4,Flag,East,8230846
Bangkok_Suburb,377,6,5,Irregular,East,13754635
Bangkok_CBD,313,6,5,Square,East,30140267
Bangkok_CBD,364,6,5,Square,South,37721483
Chiang_Mai,160,4,3,Square,North,5555812
Chiang_Mai,236,5,4,Rectangle,East,7168661
Bangkok_Suburb,318,6,5,Irregular,West,11457355
Bangkok_Suburb,278,6,5,Square,West,11675783
Nonthaburi,205,5,5,Rectangle,West,7181696
Bangkok_Suburb,238,5,4,Irregular,East,9815333
Bangkok_CBD,321,6,5,Rectangle,South,29972421
Bangkok_CBD,51,1,1,Rectangle,East,4578647
Nonthaburi,295,6,5,Rectangle,East,10397828
Nonthaburi,259,6,5,Rectangle,North,9524853
Bangkok_CBD,335,6,5,Square,East,30716391
Bangkok_Suburb,62,1,1,Rectangle,North,2638734
Bangkok_Suburb,145,3,2,Rectangle,East,6416904
Nonthaburi,270,6,5,Irregular,West,7454861
Bangkok_CBD,287,6,5,Rectangle,North,25869810
Bangkok_CBD,143,3,3,Rectangle,North,13925600
Nonthaburi,387,6,5,Square,North,14595041
Bangkok_CBD,318,6,5,Rectangle,West,25334495
Nonthaburi,220,5,5,Square,East,8323869
Bangkok_Suburb,143,3,3,Square,East,6361793
Bangkok_CBD,198,4,3,Rectangle,West,17334587
Bangkok_Suburb,161,4,4,Flag,West,4730423
Nonthaburi,104,2,2,Square,East,4289730
Chiang_Mai,386,6,5,Rectangle,South,12025011
Nonthaburi,165,4,3,Irregular,South,5341539
Bangkok_Suburb,192,4,3,Square,South,8750065
Nonthaburi,250,6,5,Rectangle,North,10342738
Bangkok_Suburb,229,5,5,Rectangle,West,9967962
Bangkok_Suburb,251,6,5,Rectangle,East,10185259
Chiang_Mai,102,2,2,Square,North,3228807
Bangkok_CBD,229,5,5,Square,East,24060100
Bangkok_CBD,362,6,5,Rectangle,North,33845113
Bangkok_Suburb,357,6,5,Rectangle,North,14994224
Bangkok_CBD,186,4,3,Square,South,18408267
Bangkok_CBD,231,5,5,Rectangle,North,23630422
Bangkok_Suburb,50,1,1,Square,East,2196258
Bangkok_Suburb,93,2,2,Rectangle,East,4214567
Chiang_Mai,276,6,5,Square,North,8375928
Nonthaburi,380,6,5,Flag,West,10551204
Bangkok_Suburb,147,3,3,Square,North,6805156
Bangkok_Suburb,257,6,5,Square,East,11665709
Bangkok_Suburb,314,6,5,Square,East,15817838
Bangkok_Suburb,337,6,5,Square,North,16270454
Bangkok_Suburb,320,6,5,Irregular,North,13132003
Nonthaburi,189,4,3,Flag,South,5084898
Bangkok_Suburb,286,6,5,Square,West,12045434
Bangkok_Suburb,121,3,3,Rectangle,North,5743513
Bangkok_Suburb,204,5,5,Rectangle,South,8207884
Bangkok_Suburb,239,5,5,Irregular,South,8628636
Chiang_Mai,317,6,5,Rectangle,West,8338583
Nonthaburi,370,6,5,Square,East,15098876
Bangkok_CBD,156,3,3,Rectangle,East,15917941
Chiang_Mai,281,6,5,Rectangle,East,9261725
Bangkok_Suburb,91,2,1,Square,South,4079142
Chiang_Mai,239,5,4,Rectangle,West,6344884
Nonthaburi,188,4,3,Square,North,7513001
Bangkok_Suburb,152,3,2,Rectangle,East,7312138
Bangkok_CBD,220,5,4,Square,West,18933437
Bangkok_Suburb,322,6,5,Rectangle,West,14709961
Bangkok_Suburb,270,6,5,Rectangle,West,10953898
Nonthaburi,262,6,5,Rectangle,South,10352731
Bangkok_Suburb,390,6,5,Square,East,19622975
Bangkok_CBD,105,2,2,Rectangle,East,10447067
Nonthaburi,391,6,5,Rectangle,South,13569016
Chiang_Mai,151,3,3,Rectangle,North,4203415
Bangkok_Suburb,241,6,5,Rectangle,East,10585110
Bangkok_CBD,359,6,5,Rectangle,South,31042221
Bangkok_Suburb,249,6,5,Irregular,North,8968446
Bangkok_CBD,282,6,5,Square,South,26628192
Chiang_Mai,276,6,5,Irregular,East,6956718
Bangkok_CBD,188,4,4,Rectangle,West,16850459
Bangkok_Suburb,393,6,5,Square,North,19526499
Bangkok_Suburb,354,6,5,Square,North,15869991
Bangkok_Suburb,198,4,4,Square,South,9819813
Nonthaburi,164,4,4,Rectangle,North,5932108
Nonthaburi,112,2,1,Rectangle,South,3989530
Bangkok_Suburb,153,3,3,Rectangle,South,6596639
Bangkok_CBD,388,6,5,Rectangle,North,39773455
Bangkok_CBD,205,5,4,Rectangle,East,17671217
Chiang_Mai,322,6,5,Square,East,9971585
Chiang_Mai,55,1,1,Square,East,1772287
Bangkok_Suburb,196,4,3,Rectangle,West,7743624
Nonthaburi,233,5,4,Square,West,8739230
Nonthaburi,77,1,1,Square,South,3151377
Bangkok_CBD,87,2,2,Rectangle,South,8612700
Chiang_Mai,168,4,3,Rectangle,East,4566883
Bangkok_Suburb,342,6,5,Flag,West,10339342
Bangkok_Suburb,293,6,5,Irregular,South,10442110
Bangkok_Suburb,117,2,1,Rectangle,South,4954492
Bangkok_CBD,263,6,5,Rectangle,West,21771672
Bangkok_CBD,267,6,5,Rectangle,North,24229695
Nonthaburi,226,5,4,Rectangle,West,8607531
Bangkok_CBD,348,6,5,Square,North,38113610
Nonthaburi,213,5,5,Rectangle,East,7260914
Bangkok_Suburb,107,2,2,Irregular,East,3992496
Bangkok_Suburb,318,6,5,Square,West,13692251
Bangkok_Suburb,357,6,5,Rectangle,West,14175828
Bangkok_Suburb,107,2,2,Rectangle,South,4743516
Nonthaburi,337,6,5,Square,South,13071998
Bangkok_Suburb,154,3,2,Square,East,7765824
Bangkok_Suburb,277,6,5,Square,West,12743205
Bangkok_Suburb,296,6,5,Square,East,14067472
Nonthaburi,237,5,5,Square,East,9592876
Chiang_Mai,132,3,3,Irregular,North,3334841
Nonthaburi,235,5,5,Square,South,9031567
Bangkok_Suburb,301,6,5,Rectangle,South,12980590
Bangkok_CBD,287,6,5,Square,East,26110031
Bangkok_Suburb,233,5,5,Irregular,North,8771591
Bangkok_Suburb,333,6,5,Square,West,14006474
Bangkok_CBD,259,6,5,Rectangle,North,27105715
Bangkok_Suburb,353,6,5,Irregular,South,12371410
Bangkok_Suburb,345,6,5,Irregular,West,11866740
Bangkok_Suburb,146,3,2,Square,East,6700332
Nonthaburi,257,6,5,Irregular,North,8778646
Bangkok_CBD,186,4,4,Rectangle,South,15468304
Bangkok_CBD,233,5,5,Rectangle,West,22182865
Nonthaburi,125,3,3,Square,East,5267649
Bangkok_Suburb,336,6,5,Square,West,14974781
Nonthaburi,191,4,4,Rectangle,North,7626751
Bangkok_Suburb,286,6,5,Rectangle,East,11621233
Bangkok_Suburb,74,1,1,Rectangle,South,3095116
Nonthaburi,339,6,5,Rectangle,West,12535185
Nonthaburi,116,2,2,Rectangle,North,4097900
Nonthaburi,299,6,5,Square,West,10459805
Bangkok_Suburb,167,4,4,Rectangle,East,7640143
Bangkok_Suburb,122,3,2,Square,East,5469045
Bangkok_Suburb,331,6,5,Rectangle,North,16657267
Bangkok_CBD,59,1,1,Rectangle,West,4769614
Chiang_Mai,260,6,5,Flag,North,6478925
Bangkok_CBD,372,6,5,Square,East,36579158
Chiang_Mai,201,5,4,Square,North,6825787
Bangkok_Suburb,54,1,1,Square,West,2280336
